{
  "$schema": "https://developers.reddit.com/schema/config-file.v1.json",
  "name": "<% name %>",
  "post": {
    "dir": "dist/client",
    "entrypoints": {
      "default": {
        "entry": "index.html"
      }
    }
  },
  "server": {
    "dir": "dist/server",
    "entry": "index.cjs"
  },
  "media": {
    "dir": "assets"
  },
  "menu": {
    "items": [
      {
        "label": "Create a new post",
        "description": "<% name %>",
        "location": "subreddit",
        "forUserType": "moderator",
        "endpoint": "/internal/menu/post-create"
      }
    ]
  },
  "triggers": {
    "onAppInstall": "/internal/on-app-install"
  }
}
